{"cameraMode":{"drawMode":0,"name":"Shaded","section":"Shading Mode"},"sceneLighting":true,"audioPlay":false,"sceneViewState":{"m_AlwaysRefresh":false,"showFog":true,"showSkybox":false,"showFlares":true,"showImageEffects":true,"showParticleSystems":true,"showVisualEffectGraphs":true,"m_FxEnabled":true},"in2DMode":false,"pivot":{"x":0.016830921173095704,"y":0.9538979530334473,"z":0.0359950065612793},"rotation":{"x":0.2349032759666443,"y":-0.13248489797115327,"z":0.032336778938770297,"w":0.9624079465866089},"size":4.505382537841797,"orthographic":false}