{"cameraMode":{"drawMode":0,"name":"Shaded","section":"Shading Mode"},"sceneLighting":false,"audioPlay":false,"sceneViewState":{"m_AlwaysRefresh":false,"showFog":true,"showSkybox":false,"showFlares":true,"showImageEffects":true,"showParticleSystems":true,"showVisualEffectGraphs":true,"m_FxEnabled":true},"in2DMode":false,"pivot":{"x":0.04321472719311714,"y":0.12716630101203919,"z":0.23782946169376374},"rotation":{"x":0.11080470681190491,"y":-0.37579935789108279,"z":0.04531366750597954,"w":0.9189366698265076},"size":0.33605632185935976,"orthographic":true}